date,engine,labelled,wrong,logLoss,auc,recordLogLoss,recordAuc
2026-10-05,ac0f469,1856,133,0.2523,0.612,0.2686,0.536
2026-10-05,c144b6b,1857,123,0.1914,0.676,0.2096,0.563
2026-10-06,dee23e0,1848,101,0.1921,0.703,0.2103,0.598
2026-10-06,309407d,1841,96,0.1846,0.716,0.2039,0.604
2026-10-07,a054ec7,1859,99,0.1869,0.74,0.208,0.603
2026-10-08,3ebbfdf,1747,75,0.1644,0.705,0.1861,0.566
2026-10-09,98c3fbe,1890,92,0.1652,0.785,0.2001,0.582
2026-10-09,048da76,1882,87,0.1628,0.771,0.1948,0.555
2026-10-10,5672f46,1924,162,0.2766,0.679,0.2971,0.573
2026-10-10,728bdec,2495,301,0.333,0.71,0.3653,0.593
2026-10-10,f16f90f,2596,337,0.3498,0.706,0.3776,0.605
